"Id";"Designator";"Footprint";"Quantity";"Designation";"Supplier and ref";
1;"HOLE1,HOLE2,HOLE3,HOLE4,HOLE5,HOLE6,HOLE7,HOLE8,HOLE9,HOLE10,HOLE11";"MountingHole_3mm_Pad";11;"HOLE";;;
2;"C59,C60,C63,C64,C61,C62";"CP_Radial_D10.0mm_P5.00mm";6;"220uF";;;
3;"C65,C66,C67";"CP_Radial_D6.3mm_P2.50mm";3;"100uF";;;
4;"C72,C75,C76,C74,C77,C71,C73,C68,C69,C70";"CP_Radial_D5.0mm_P2.50mm";10;"10uF";;;
5;"J1";"BarrelJack_Horizontal";1;"5V";;;
6;"J7";"DSUB-9_Male_Horizontal_P2.77x2.84mm_EdgePinOffset4.94mm_Housed_MountingHolesOffset7.48mm";1;"JOYSTICK_A";;;
7;"J8";"DSUB-9_Male_Horizontal_P2.77x2.84mm_EdgePinOffset4.94mm_Housed_MountingHolesOffset7.48mm";1;"JOYSTICK_B";;;
8;"JP1";"Molex_KK-254_AE-6410-02A_1x02_P2.54mm_Vertical";1;"SEL_ROM1";;;
9;"JP2";"PinHeader_1x02_P2.54mm_Vertical";1;"KBD_TYPE";;;
10;"JP3,JP4";"PinHeader_1x03_P2.54mm_Vertical";2;"V9938/V9958";;;
11;"JP5,JP6";"PinHeader_1x03_P2.54mm_Vertical";2;"NTSC/PAL";;;
12;"RR1,RR2,RR3,RR4";"R_Array_SIP10";4;"10K";;;
13;"RR6,RR5,RR7";"R_Array_SIP10";3;"4.7K";;;
14;"RR8,RR10";"R_Array_SIP6";2;"4.7K";;;
15;"RR9";"R_Array_SIP6";1;"470";;;
16;"U2";"DIP-40_W15.24mm_Socket";1;"82C55";;;
17;"U3";"IC_SDIP64_600";1;"V9938/V9958";;;
18;"U4";"DIP-40_W15.24mm_Socket";1;"YM2149";;;
19;"U5";"DIP-18_W7.62mm_Socket";1;"RP5C01";;;
20;"U6,U50";"SST39SF040_PLCC32";2;"SST39SF040";;;
21;"U7";"DIP-32_W15.24mm_Socket";1;"AS6C4008";;;
22;"U8,U9,U10,U11";"DIP-18_W7.62mm_Socket";4;"D41464";;;
23;"U12,U14,U13";"DIP-20_W7.62mm_Socket";3;"ATF16V8B";;;
24;"U15,U17,U18,U16";"DIP-16_W7.62mm_Socket";4;"74HCT670";;;
25;"U20,U21,U19";"DIP-20_W7.62mm_Socket";3;"74F541";;;
26;"U23,U24";"DIP-20_W7.62mm_Socket";2;"74HCT273";;;
27;"U25,U26";"DIP-20_W7.62mm_Socket";2;"74F245";;;
28;"U27";"DIP-16_W7.62mm_Socket";1;"74HCT175";;;
29;"U28,U29";"DIP-16_W7.62mm_Socket";2;"74HCT157";;;
30;"U31,U30";"DIP-16_W7.62mm_Socket";2;"74HCT153";;;
31;"U33";"DIP-14_W7.62mm_Socket";1;"74AHCT125";;;
32;"U34,U35,U36";"DIP-14_W7.62mm_Socket";3;"74HCT74";;;
33;"U38,U39,U37";"DIP-14_W7.62mm_Socket";3;"74AHCT32";;;
34;"U42";"DIP-14_W7.62mm_Socket";1;"74LS07";;;
35;"U44";"DIP-14_W7.62mm_Socket";1;"74AHCT02";;;
36;"U45";"DIP-14_W7.62mm_Socket";1;"74HCT00";;;
37;"U47";"IC_DIP24_400";1;"CXA1645";;;
38;"Y3";"Crystal_HC49-U_Vertical";1;"4.433618MHz";;;
39;"J3";"Conn_RCA_Right";1;"Audio";;;
40;"U22";"DIP-20_W7.62mm_Socket";1;"74HCT540";;;
41;"U40,U41";"DIP-14_W7.62mm_Socket";2;"74HCT30";;;
42;"J11";"IDC-Header_2x08_P2.54mm_Vertical";1;"KEYBOARD";;;
43;"Q2,Q1";"TO-92L_Inline_Wide";2;"PN2907A";;;
44;"J12";"PinHeader_2x20_P2.54mm_Vertical";1;"RAM_EXT";;;
45;"BT1";"Battery_Holder_CR2032_Universal";1;"CR2032";;;
46;"U46";"DIP-16_W7.62mm_Socket";1;"ADM691A";;;
47;"J9";"Conn_Micro_Ribbon_14F";1;"PRINTER";;;
48;"J4";"Conn_Mini_DIN_4pin";1;"S-VIDEO";;;
49;"U48";"DIP-8_W7.62mm_Socket";1;"MCP6281";;;
50;"U43";"DIP-14_W7.62mm_Socket";1;"74HCT04";;;
51;"J6";"DIN8";1;"Cassette";;;
52;"RY1";"Relay_SPDT";1;"Relay_5V";;;
53;"C78";"CP_Radial_D5.0mm_P2.50mm";1;"1uF";;;
54;"U49";"DIP-8_W7.62mm_Socket";1;"LM311";;;
55;"J5";"DIN8";1;"RGB";;;
56;"J2";"Conn_RCA_Right";1;"Composite";;;
57;"Y1";"Crystal_HC49-U_Vertical";1;"21.477270MHz";;;
58;"Y2";"Crystal_C38-LF_D3.0mm_L8.0mm_Horizontal_1EP_style2";1;"32768 Hz";;;
59;"J14";"PinHeader_1x13_P2.54mm_Vertical";1;"CBUS";;;
60;"JP7,JP8";"PinHeader_2x03_P2.54mm_Vertical";2;"RAM_SIZE";;;
61;"U32";"DIP-16_W7.62mm_Socket";1;"74AHCT138";;;
62;"J15";"Molex_KK-254_AE-6410-02A_1x02_P2.54mm_Vertical";1;"To_FMPAC";;;
63;"J16";"Molex_KK-254_AE-6410-03A_1x03_P2.54mm_Vertical";1;"FMPAC_PWR";;;
64;"J25";"Molex_KK-254_AE-6410-04A_1x04_P2.54mm_Vertical";1;"FDD_PWR";;;
65;"J21";"Molex_KK-254_AE-6410-03A_1x03_P2.54mm_Vertical";1;"EXTR_PWR3";;;
66;"SLOT1,SLOT2";"Conn_Edge_50P";2;"MSX_SLOT_HOST";;;
67;"U1";"DIP-40_W15.24mm_Socket";1;"Z84C00";;;
68;"J22";"Molex_KK-254_AE-6410-03A_1x03_P2.54mm_Vertical";1;"SVIDEO_CONN";;;
69;"J19";"Molex_KK-254_AE-6410-02A_1x02_P2.54mm_Vertical";1;"EXTR_PWR1";;;
70;"J20";"Molex_KK-254_AE-6410-02A_1x02_P2.54mm_Vertical";1;"EXTR_PWR2";;;
71;"J17";"Molex_KK-254_AE-6410-05A_1x05_P2.54mm_Vertical";1;"VIDEO_CONN";;;
72;"J18";"Molex_KK-254_AE-6410-02A_1x02_P2.54mm_Vertical";1;"AUDIO_CONN";;;
73;"J23";"Molex_KK-254_AE-6410-02A_1x02_P2.54mm_Vertical";1;"NMI";;;
74;"J24";"Molex_KK-254_AE-6410-02A_1x02_P2.54mm_Vertical";1;"RESET";;;
75;"J10";"Molex_KK-254_AE-6410-05A_1x05_P2.54mm_Vertical";1;"DC Converter";;;
76;"J26";"Molex_KK-254_AE-6410-02A_1x02_P2.54mm_Vertical_Omega";1;"PWR_SWITCH";;;
77;"JP9";"Molex_KK-254_AE-6410-02A_1x02_P2.54mm_Vertical";1;"SEL_ROM2";;;
78;"SW2";"Molex_KK-254_AE-6410-03A_1x03_P2.54mm_Vertical";1;"SEL_ROM";;;
79;"J27";"Molex_KK-254_AE-6410-02A_1x02_P2.54mm_Vertical";1;"EXTR_PWR4";;;
80;"C1,C2,C4,C5,C6,C7,C8,C9,C10,C11,C12,C13,C14,C15,C17,C18,C20,C21,C22,C24,C25,C26,C27,C28,C29,C30,C31,C32,C33,C34,C35,C36,C37,C38,C39,C40,C41,C42,C43,C44,C45,C46,C47,C52,C56,C23,C54,C51,C53,C19,C16,C48,C57,C49,C55,C58,C3,C50,C100";"C_1206_3216Metric_Pad1.33x1.80mm_HandSolder";59;"100nF";;;
81;"C80,C79";"C_1206_3216Metric_Pad1.33x1.80mm_HandSolder";2;"22nF";;;
82;"C82,C83,C84";"C_1206_3216Metric_Pad1.33x1.80mm_HandSolder";3;"330pF";;;
83;"C85";"C_1206_3216Metric_Pad1.33x1.80mm_HandSolder";1;"47pF";;;
84;"C86,C87";"C_1206_3216Metric_Pad1.33x1.80mm_HandSolder";2;"33pF";;;
85;"C92,C93";"C_1206_3216Metric_Pad1.33x1.80mm_HandSolder";2;"22pF";;;
86;"D1";"D_1206_3216Metric_Pad1.42x1.75mm_HandSolder";1;"1N4148";;;
87;"R1";"R_1206_3216Metric_Pad1.30x1.75mm_HandSolder";1;"1M";;;
88;"R2,R3";"R_1206_3216Metric_Pad1.30x1.75mm_HandSolder";2;"470K";;;
89;"R5,R6";"R_1206_3216Metric_Pad1.30x1.75mm_HandSolder";2;"100K";;;
90;"R7,R8";"R_1206_3216Metric_Pad1.30x1.75mm_HandSolder";2;"47K";;;
91;"R17,R21,R22,R16,R19,R18,R20";"R_1206_3216Metric_Pad1.30x1.75mm_HandSolder";7;"4.7K";;;
92;"R25,R26";"R_1206_3216Metric_Pad1.30x1.75mm_HandSolder";2;"2.2K";;;
93;"R30,R29,R27,R28,R31,R32,R33";"R_1206_3216Metric_Pad1.30x1.75mm_HandSolder";7;"1K";;;
94;"R37,R39,R40,R41,R38,R42";"R_1206_3216Metric_Pad1.30x1.75mm_HandSolder";6;"100";;;
95;"R47,R48,R45,R44,R43,R46";"R_1206_3216Metric_Pad1.30x1.75mm_HandSolder";6;"75";;;
96;"R9,R10";"R_1206_3216Metric_Pad1.30x1.75mm_HandSolder";2;"20K";;;
97;"C94";"C_1206_3216Metric_Pad1.33x1.80mm_HandSolder";1;"4.7pF";;;
98;"C81";"C_1206_3216Metric_Pad1.33x1.80mm_HandSolder";1;"1.5nF";;;
99;"R13,R12,R11,R14,R49,R50,R51";"R_1206_3216Metric_Pad1.30x1.75mm_HandSolder";7;"10K";;;
100;"R15";"R_1206_3216Metric_Pad1.30x1.75mm_HandSolder";1;"5.6K";;;
101;"L1";"L_1206_3216Metric_Pad1.42x1.75mm_HandSolder";1;"68uH";;;
102;"C91";"C_1206_3216Metric_Pad1.33x1.80mm_HandSolder";1;"27pF";;;
103;"R23,R24";"R_1206_3216Metric_Pad1.30x1.75mm_HandSolder";2;"2.7K";;;
104;"R4";"R_1206_3216Metric_Pad1.30x1.75mm_HandSolder";1;"220K";;;
105;"R35";"R_1206_3216Metric_Pad1.30x1.75mm_HandSolder";1;"180";;;
106;"R36";"R_1206_3216Metric_Pad1.30x1.75mm_HandSolder";1;"120";;;
107;"R34";"R_1206_3216Metric_Pad1.30x1.75mm_HandSolder";1;"470";;;
108;"L2,L3";"L_1206_3216Metric_Pad1.42x1.75mm_HandSolder";2;"5.6uH";;;
109;"F1";"Fuse_1206_3216Metric_Pad1.42x1.75mm_HandSolder";1;"750mA";;;
110;"C89,C90,C88";"C_1206_3216Metric_Pad1.33x1.80mm_HandSolder";3;"30pF";;;
