Ref,Val,Package,PosX,PosY,Rot,Side
"C1","100nF","C_1206_3216Metric_Pad1.33x1.80mm_HandSolder",202.275000,-122.300000,90.000000,bottom
"C2","100nF","C_1206_3216Metric_Pad1.33x1.80mm_HandSolder",215.950000,-111.975000,90.000000,bottom
"C3","100nF","C_1206_3216Metric_Pad1.33x1.80mm_HandSolder",79.000000,-174.000000,-90.000000,bottom
"C4","100nF","C_1206_3216Metric_Pad1.33x1.80mm_HandSolder",118.000000,-143.000000,90.000000,bottom
"C5","100nF","C_1206_3216Metric_Pad1.33x1.80mm_HandSolder",237.925000,-188.550000,0.000000,bottom
"C6","100nF","C_1206_3216Metric_Pad1.33x1.80mm_HandSolder",329.500000,-165.000000,180.000000,bottom
"C7","100nF","C_1206_3216Metric_Pad1.33x1.80mm_HandSolder",341.050000,-150.525000,90.000000,bottom
"C8","100nF","C_1206_3216Metric_Pad1.33x1.80mm_HandSolder",63.500000,-136.325000,180.000000,bottom
"C9","100nF","C_1206_3216Metric_Pad1.33x1.80mm_HandSolder",63.500000,-161.400000,180.000000,bottom
"C10","100nF","C_1206_3216Metric_Pad1.33x1.80mm_HandSolder",63.500000,-148.850000,180.000000,bottom
"C11","100nF","C_1206_3216Metric_Pad1.33x1.80mm_HandSolder",63.500000,-173.350000,180.000000,bottom
"C12","100nF","C_1206_3216Metric_Pad1.33x1.80mm_HandSolder",180.075000,-145.975000,90.000000,bottom
"C13","100nF","C_1206_3216Metric_Pad1.33x1.80mm_HandSolder",177.575000,-183.500000,90.000000,bottom
"C14","100nF","C_1206_3216Metric_Pad1.33x1.80mm_HandSolder",191.575000,-183.500000,90.000000,bottom
"C15","100nF","C_1206_3216Metric_Pad1.33x1.80mm_HandSolder",270.975000,-135.575000,0.000000,bottom
"C16","100nF","C_1206_3216Metric_Pad1.33x1.80mm_HandSolder",272.500000,-171.575000,0.000000,bottom
"C17","100nF","C_1206_3216Metric_Pad1.33x1.80mm_HandSolder",272.475000,-158.100000,0.000000,bottom
"C18","100nF","C_1206_3216Metric_Pad1.33x1.80mm_HandSolder",272.450000,-185.075000,0.000000,bottom
"C19","100nF","C_1206_3216Metric_Pad1.33x1.80mm_HandSolder",302.050000,-101.550000,0.000000,bottom
"C20","100nF","C_1206_3216Metric_Pad1.33x1.80mm_HandSolder",337.500000,-101.600000,0.000000,bottom
"C21","100nF","C_1206_3216Metric_Pad1.33x1.80mm_HandSolder",238.025000,-100.575000,0.000000,bottom
"C22","100nF","C_1206_3216Metric_Pad1.33x1.80mm_HandSolder",240.100000,-138.500000,90.000000,bottom
"C23","100nF","C_1206_3216Metric_Pad1.33x1.80mm_HandSolder",253.575000,-138.525000,90.000000,bottom
"C24","100nF","C_1206_3216Metric_Pad1.33x1.80mm_HandSolder",200.475000,-67.550000,0.000000,bottom
"C25","100nF","C_1206_3216Metric_Pad1.33x1.80mm_HandSolder",270.975000,-106.100000,0.000000,bottom
"C26","100nF","C_1206_3216Metric_Pad1.33x1.80mm_HandSolder",271.000000,-121.075000,0.000000,bottom
"C27","100nF","C_1206_3216Metric_Pad1.33x1.80mm_HandSolder",250.875000,-185.975000,0.000000,bottom
"C28","100nF","C_1206_3216Metric_Pad1.33x1.80mm_HandSolder",113.075000,-168.500000,90.000000,bottom
"C29","100nF","C_1206_3216Metric_Pad1.33x1.80mm_HandSolder",125.600000,-168.500000,90.000000,bottom
"C30","100nF","C_1206_3216Metric_Pad1.33x1.80mm_HandSolder",208.075000,-177.500000,90.000000,bottom
"C31","100nF","C_1206_3216Metric_Pad1.33x1.80mm_HandSolder",222.075000,-177.550000,90.000000,bottom
"C32","100nF","C_1206_3216Metric_Pad1.33x1.80mm_HandSolder",356.075000,-187.025000,90.000000,bottom
"C33","100nF","C_1206_3216Metric_Pad1.33x1.80mm_HandSolder",236.475000,-67.550000,0.000000,bottom
"C34","100nF","C_1206_3216Metric_Pad1.33x1.80mm_HandSolder",167.575000,-113.525000,90.000000,bottom
"C35","100nF","C_1206_3216Metric_Pad1.33x1.80mm_HandSolder",155.075000,-113.525000,90.000000,bottom
"C36","100nF","C_1206_3216Metric_Pad1.33x1.80mm_HandSolder",142.600000,-113.500000,90.000000,bottom
"C37","100nF","C_1206_3216Metric_Pad1.33x1.80mm_HandSolder",163.050000,-167.525000,90.000000,bottom
"C38","100nF","C_1206_3216Metric_Pad1.33x1.80mm_HandSolder",150.700000,-167.500000,90.000000,bottom
"C39","100nF","C_1206_3216Metric_Pad1.33x1.80mm_HandSolder",155.075000,-138.525000,90.000000,bottom
"C40","100nF","C_1206_3216Metric_Pad1.33x1.80mm_HandSolder",167.575000,-138.525000,90.000000,bottom
"C41","100nF","C_1206_3216Metric_Pad1.33x1.80mm_HandSolder",301.075000,-149.975000,90.000000,bottom
"C42","100nF","C_1206_3216Metric_Pad1.33x1.80mm_HandSolder",138.125000,-167.500000,90.000000,bottom
"C43","100nF","C_1206_3216Metric_Pad1.33x1.80mm_HandSolder",53.475000,-112.600000,0.000000,bottom
"C44","100nF","C_1206_3216Metric_Pad1.33x1.80mm_HandSolder",142.575000,-138.500000,90.000000,bottom
"C45","100nF","C_1206_3216Metric_Pad1.33x1.80mm_HandSolder",180.075000,-113.500000,90.000000,bottom
"C46","100nF","C_1206_3216Metric_Pad1.33x1.80mm_HandSolder",301.350000,-174.350000,-90.000000,bottom
"C47","100nF","C_1206_3216Metric_Pad1.33x1.80mm_HandSolder",107.500000,-107.500000,90.000000,bottom
"C48","100nF","C_1206_3216Metric_Pad1.33x1.80mm_HandSolder",138.000000,-83.575000,0.000000,bottom
"C49","100nF","C_1206_3216Metric_Pad1.33x1.80mm_HandSolder",174.475000,-79.625000,0.000000,bottom
"C50","100nF","C_1206_3216Metric_Pad1.33x1.80mm_HandSolder",91.500000,-84.000000,90.000000,bottom
"C51","100nF","C_1206_3216Metric_Pad1.33x1.80mm_HandSolder",86.000000,-107.500000,90.000000,bottom
"C52","100nF","C_1206_3216Metric_Pad1.33x1.80mm_HandSolder",83.500000,-107.500000,90.000000,bottom
"C53","100nF","C_1206_3216Metric_Pad1.33x1.80mm_HandSolder",88.500000,-107.500000,90.000000,bottom
"C54","100nF","C_1206_3216Metric_Pad1.33x1.80mm_HandSolder",96.000000,-107.500000,-90.000000,bottom
"C55","100nF","C_1206_3216Metric_Pad1.33x1.80mm_HandSolder",115.500000,-84.000000,90.000000,bottom
"C56","100nF","C_1206_3216Metric_Pad1.33x1.80mm_HandSolder",73.500000,-118.000000,180.000000,bottom
"C57","100nF","C_1206_3216Metric_Pad1.33x1.80mm_HandSolder",143.500000,-94.000000,-90.000000,bottom
"C58","100nF","C_1206_3216Metric_Pad1.33x1.80mm_HandSolder",76.000000,-174.000000,-90.000000,bottom
"C79","22nF","C_1206_3216Metric_Pad1.33x1.80mm_HandSolder",152.000000,-78.500000,-90.000000,bottom
"C80","22nF","C_1206_3216Metric_Pad1.33x1.80mm_HandSolder",178.000000,-70.000000,-90.000000,bottom
"C81","1.5nF","C_1206_3216Metric_Pad1.33x1.80mm_HandSolder",127.000000,-87.500000,180.000000,bottom
"C82","330pF","C_1206_3216Metric_Pad1.33x1.80mm_HandSolder",78.500000,-107.500000,90.000000,bottom
"C83","330pF","C_1206_3216Metric_Pad1.33x1.80mm_HandSolder",81.000000,-107.500000,90.000000,bottom
"C84","330pF","C_1206_3216Metric_Pad1.33x1.80mm_HandSolder",76.000000,-107.500000,90.000000,bottom
"C85","47pF","C_1206_3216Metric_Pad1.33x1.80mm_HandSolder",98.500000,-107.500000,-90.000000,bottom
"C86","33pF","C_1206_3216Metric_Pad1.33x1.80mm_HandSolder",229.500000,-187.500000,90.000000,bottom
"C87","33pF","C_1206_3216Metric_Pad1.33x1.80mm_HandSolder",224.500000,-187.500000,-90.000000,bottom
"C88","30pF","C_1206_3216Metric_Pad1.33x1.80mm_HandSolder",217.000000,-184.000000,0.000000,bottom
"C89","30pF","C_1206_3216Metric_Pad1.33x1.80mm_HandSolder",49.500000,-191.500000,0.000000,bottom
"C90","30pF","C_1206_3216Metric_Pad1.33x1.80mm_HandSolder",58.925000,-128.850000,180.000000,bottom
"C91","27pF","C_1206_3216Metric_Pad1.33x1.80mm_HandSolder",99.000000,-84.000000,90.000000,bottom
"C92","22pF","C_1206_3216Metric_Pad1.33x1.80mm_HandSolder",48.400000,-187.720000,0.000000,bottom
"C93","22pF","C_1206_3216Metric_Pad1.33x1.80mm_HandSolder",65.425000,-125.350000,90.000000,bottom
"C94","4.7pF","C_1206_3216Metric_Pad1.33x1.80mm_HandSolder",93.500000,-107.500000,-90.000000,bottom
"C100","100nF","C_1206_3216Metric_Pad1.33x1.80mm_HandSolder",327.825000,-137.825000,180.000000,bottom
"D1","1N4148","D_1206_3216Metric_Pad1.42x1.75mm_HandSolder",204.000000,-54.000000,90.000000,bottom
"F1","750mA","Fuse_1206_3216Metric_Pad1.42x1.75mm_HandSolder",166.000000,-179.500000,0.000000,bottom
"L1","68uH","L_1206_3216Metric_Pad1.42x1.75mm_HandSolder",96.500000,-84.000000,-90.000000,bottom
"L2","5.6uH","L_1206_3216Metric_Pad1.42x1.75mm_HandSolder",79.550000,-188.600000,0.000000,bottom
"L3","5.6uH","L_1206_3216Metric_Pad1.42x1.75mm_HandSolder",88.500000,-84.000000,-90.000000,bottom
"R1","1M","R_1206_3216Metric_Pad1.30x1.75mm_HandSolder",58.925000,-120.850000,0.000000,bottom
"R2","470K","R_1206_3216Metric_Pad1.30x1.75mm_HandSolder",63.500000,-190.000000,90.000000,bottom
"R3","470K","R_1206_3216Metric_Pad1.30x1.75mm_HandSolder",187.500000,-80.000000,-90.000000,bottom
"R4","220K","R_1206_3216Metric_Pad1.30x1.75mm_HandSolder",197.500000,-80.000000,90.000000,bottom
"R5","100K","R_1206_3216Metric_Pad1.30x1.75mm_HandSolder",227.000000,-187.500000,-90.000000,bottom
"R6","100K","R_1206_3216Metric_Pad1.30x1.75mm_HandSolder",232.000000,-187.500000,-90.000000,bottom
"R7","47K","R_1206_3216Metric_Pad1.30x1.75mm_HandSolder",113.000000,-84.000000,90.000000,bottom
"R8","47K","R_1206_3216Metric_Pad1.30x1.75mm_HandSolder",155.000000,-67.500000,-90.000000,bottom
"R9","20K","R_1206_3216Metric_Pad1.30x1.75mm_HandSolder",93.975000,-84.000000,90.000000,bottom
"R10","20K","R_1206_3216Metric_Pad1.30x1.75mm_HandSolder",158.000000,-91.500000,0.000000,bottom
"R11","10K","R_1206_3216Metric_Pad1.30x1.75mm_HandSolder",190.000000,-80.000000,90.000000,bottom
"R12","10K","R_1206_3216Metric_Pad1.30x1.75mm_HandSolder",192.500000,-80.000000,90.000000,bottom
"R13","10K","R_1206_3216Metric_Pad1.30x1.75mm_HandSolder",322.000000,-175.000000,-90.000000,bottom
"R14","10K","R_1206_3216Metric_Pad1.30x1.75mm_HandSolder",90.000000,-49.000000,180.000000,bottom
"R15","5.6K","R_1206_3216Metric_Pad1.30x1.75mm_HandSolder",127.000000,-85.000000,180.000000,bottom
"R16","4.7K","R_1206_3216Metric_Pad1.30x1.75mm_HandSolder",158.000000,-89.000000,0.000000,bottom
"R17","4.7K","R_1206_3216Metric_Pad1.30x1.75mm_HandSolder",158.000000,-86.500000,0.000000,bottom
"R18","4.7K","R_1206_3216Metric_Pad1.30x1.75mm_HandSolder",157.000000,-78.500000,90.000000,bottom
"R19","4.7K","R_1206_3216Metric_Pad1.30x1.75mm_HandSolder",162.000000,-67.500000,90.000000,bottom
"R20","4.7K","R_1206_3216Metric_Pad1.30x1.75mm_HandSolder",195.000000,-80.000000,-90.000000,bottom
"R21","4.7K","R_1206_3216Metric_Pad1.30x1.75mm_HandSolder",150.500000,-90.500000,-90.000000,bottom
"R22","4.7K","R_1206_3216Metric_Pad1.30x1.75mm_HandSolder",148.000000,-90.500000,90.000000,bottom
"R23","2.7K","R_1206_3216Metric_Pad1.30x1.75mm_HandSolder",193.000000,-67.500000,-90.000000,bottom
"R24","2.7K","R_1206_3216Metric_Pad1.30x1.75mm_HandSolder",190.500000,-67.500000,-90.000000,bottom
"R25","2.2K","R_1206_3216Metric_Pad1.30x1.75mm_HandSolder",91.000000,-107.500000,-90.000000,bottom
"R26","2.2K","R_1206_3216Metric_Pad1.30x1.75mm_HandSolder",127.000000,-90.000000,180.000000,bottom
"R27","1K","R_1206_3216Metric_Pad1.30x1.75mm_HandSolder",74.500000,-96.500000,0.000000,bottom
"R28","1K","R_1206_3216Metric_Pad1.30x1.75mm_HandSolder",74.500000,-93.500000,180.000000,bottom
"R29","1K","R_1206_3216Metric_Pad1.30x1.75mm_HandSolder",140.300000,-146.600000,180.000000,bottom
"R30","1K","R_1206_3216Metric_Pad1.30x1.75mm_HandSolder",51.925000,-125.350000,90.000000,bottom
"R31","1K","R_1206_3216Metric_Pad1.30x1.75mm_HandSolder",159.500000,-78.500000,90.000000,bottom
"R32","1K","R_1206_3216Metric_Pad1.30x1.75mm_HandSolder",154.500000,-78.500000,-90.000000,bottom
"R33","1K","R_1206_3216Metric_Pad1.30x1.75mm_HandSolder",90.000000,-52.500000,0.000000,bottom
"R34","470","R_1206_3216Metric_Pad1.30x1.75mm_HandSolder",127.000000,-92.500000,0.000000,bottom
"R35","180","R_1206_3216Metric_Pad1.30x1.75mm_HandSolder",63.000000,-53.000000,90.000000,bottom
"R36","120","R_1206_3216Metric_Pad1.30x1.75mm_HandSolder",60.000000,-53.000000,-90.000000,bottom
"R37","100","R_1206_3216Metric_Pad1.30x1.75mm_HandSolder",65.500000,-181.500000,0.000000,bottom
"R38","100","R_1206_3216Metric_Pad1.30x1.75mm_HandSolder",48.350000,-184.350000,0.000000,bottom
"R39","100","R_1206_3216Metric_Pad1.30x1.75mm_HandSolder",49.500000,-181.500000,0.000000,bottom
"R40","100","R_1206_3216Metric_Pad1.30x1.75mm_HandSolder",65.500000,-184.500000,0.000000,bottom
"R41","100","R_1206_3216Metric_Pad1.30x1.75mm_HandSolder",157.500000,-67.500000,90.000000,bottom
"R42","100","R_1206_3216Metric_Pad1.30x1.75mm_HandSolder",164.500000,-67.500000,-90.000000,bottom
"R43","75","R_1206_3216Metric_Pad1.30x1.75mm_HandSolder",86.000000,-84.000000,-90.000000,bottom
"R44","75","R_1206_3216Metric_Pad1.30x1.75mm_HandSolder",104.000000,-84.000000,-90.000000,bottom
"R45","75","R_1206_3216Metric_Pad1.30x1.75mm_HandSolder",101.500000,-84.000000,-90.000000,bottom
"R46","75","R_1206_3216Metric_Pad1.30x1.75mm_HandSolder",78.500000,-84.000000,-90.000000,bottom
"R47","75","R_1206_3216Metric_Pad1.30x1.75mm_HandSolder",81.000000,-84.000000,-90.000000,bottom
"R48","75","R_1206_3216Metric_Pad1.30x1.75mm_HandSolder",83.500000,-84.000000,-90.000000,bottom
"R49","10K","R_1206_3216Metric_Pad1.30x1.75mm_HandSolder",326.500000,-175.000000,-90.000000,bottom
"R50","10K","R_1206_3216Metric_Pad1.30x1.75mm_HandSolder",250.350000,-90.975000,-90.000000,bottom
"R51","10K","R_1206_3216Metric_Pad1.30x1.75mm_HandSolder",238.800000,-91.000000,-90.000000,bottom
"BT1","CR2032","Battery_Holder_CR2032_Universal",325.000000,-180.000000,0.000000,top
"C59","220uF","CP_Radial_D10.0mm_P5.00mm",116.000000,-75.000000,90.000000,top
"C60","220uF","CP_Radial_D10.0mm_P5.00mm",140.000000,-74.000000,90.000000,top
"C61","220uF","CP_Radial_D10.0mm_P5.00mm",128.000000,-74.000000,90.000000,top
"C62","220uF","CP_Radial_D10.0mm_P5.00mm",80.000000,-75.000000,90.000000,top
"C63","220uF","CP_Radial_D10.0mm_P5.00mm",104.000000,-75.000000,90.000000,top
"C64","220uF","CP_Radial_D10.0mm_P5.00mm",92.000000,-75.000000,90.000000,top
"C65","470uF","CP_Radial_D10.0mm_P5.00mm",45.160000,-82.377700,90.000000,top
"C66","100uF","CP_Radial_D6.3mm_P2.50mm",62.890000,-75.980000,180.000000,top
"C67","100uF","CP_Radial_D6.3mm_P2.50mm",54.710000,-80.312400,90.000000,top
"C68","10uF","CP_Radial_D5.0mm_P2.50mm",339.000000,-163.000000,0.000000,top
"C69","10uF","CP_Radial_D5.0mm_P2.50mm",103.500000,-108.500000,90.000000,top
"C70","10uF","CP_Radial_D5.0mm_P2.50mm",80.500000,-183.000000,-90.000000,top
"C71","10uF","CP_Radial_D5.0mm_P2.50mm",185.500000,-70.500000,180.000000,top
"C72","10uF","CP_Radial_D5.0mm_P2.50mm",120.000000,-85.000000,90.000000,top
"C73","10uF","CP_Radial_D5.0mm_P2.50mm",167.000000,-90.000000,180.000000,top
"C74","10uF","CP_Radial_D5.0mm_P2.50mm",181.000000,-90.000000,180.000000,top
"C75","10uF","CP_Radial_D5.0mm_P2.50mm",188.000000,-90.000000,180.000000,top
"C76","10uF","CP_Radial_D5.0mm_P2.50mm",149.250000,-69.350000,90.000000,top
"C77","10uF","CP_Radial_D5.0mm_P2.50mm",108.500000,-85.000000,90.000000,top
"C78","1uF","CP_Radial_D5.0mm_P2.50mm",174.000000,-90.000000,180.000000,top
"J1","5V","BarrelJack_Horizontal",50.800000,-59.600000,-90.000000,top
"J2","Composite","Conn_RCA_Right",101.600000,-49.530000,-90.000000,top
"J3","Audio","Conn_RCA_Right",152.400000,-49.530000,-90.000000,top
"J4","S-VIDEO","Conn_Mini_DIN_4pin",127.000000,-45.720000,0.000000,top
"J5","RGB","DIN8",76.200000,-45.720000,180.000000,top
"J6","Cassette","DIN8",177.800000,-45.720000,180.000000,top
"J7","JOYSTICK_A","DSUB-9_Male_Horizontal_P2.77x2.84mm_EdgePinOffset4.94mm_Housed_MountingHolesOffset7.48mm",95.500000,-187.500000,0.000000,top
"J8","JOYSTICK_B","DSUB-9_Male_Horizontal_P2.77x2.84mm_EdgePinOffset4.94mm_Housed_MountingHolesOffset7.48mm",147.500000,-187.500000,0.000000,top
"J9","PRINTER","Conn_Micro_Ribbon_14F",228.600000,-45.720000,0.000000,top
"J10","DC Converter","Molex_KK-254_AE-6410-05A_1x05_P2.54mm_Vertical",43.000000,-67.500000,0.000000,top
"J11","KEYBOARD","IDC-Header_2x08_P2.54mm_Vertical",231.000000,-86.000000,-90.000000,top
"J12","RAM_EXT","PinHeader_2x20_P2.54mm_Vertical",365.500000,-163.000000,180.000000,top
"J14","CBUS","PinHeader_1x13_P2.54mm_Vertical",102.000000,-167.000000,180.000000,top
"J15","To_FMPAC","Molex_KK-254_AE-6410-02A_1x02_P2.54mm_Vertical",136.000000,-92.500000,-90.000000,top
"J16","FMPAC_PWR","Molex_KK-254_AE-6410-03A_1x03_P2.54mm_Vertical",68.000000,-86.000000,0.000000,top
"J17","VIDEO_CONN","Molex_KK-254_AE-6410-05A_1x05_P2.54mm_Vertical",93.500000,-62.500000,0.000000,top
"J18","AUDIO_CONN","Molex_KK-254_AE-6410-02A_1x02_P2.54mm_Vertical",143.000000,-60.000000,180.000000,top
"J19","EXTR_PWR1","Molex_KK-254_AE-6410-02A_1x02_P2.54mm_Vertical",59.000000,-86.000000,0.000000,top
"J20","EXTR_PWR2","Molex_KK-254_AE-6410-02A_1x02_P2.54mm_Vertical",49.800000,-94.375000,0.000000,top
"J21","EXTR_PWR3","Molex_KK-254_AE-6410-03A_1x03_P2.54mm_Vertical",56.500000,-100.500000,0.000000,top
"J22","SVIDEO_CONN","Molex_KK-254_AE-6410-03A_1x03_P2.54mm_Vertical",111.500000,-61.000000,0.000000,top
"J23","NMI","Molex_KK-254_AE-6410-02A_1x02_P2.54mm_Vertical",194.000000,-89.500000,0.000000,top
"J24","RESET","Molex_KK-254_AE-6410-02A_1x02_P2.54mm_Vertical",201.000000,-89.500000,0.000000,top
"J25","FDD_PWR","Molex_KK-254_AE-6410-04A_1x04_P2.54mm_Vertical",51.000000,-102.000000,180.000000,top
"J26","PWR_SW","Molex_KK-254_AE-6410-02A_1x02_P2.54mm_Vertical_Omega",41.580000,-93.920000,0.000000,top
"J27","EXTR_PWR4","Molex_KK-254_AE-6410-02A_1x02_P2.54mm_Vertical",43.070000,-116.200000,0.000000,top
"JP1","SEL_ROM1","Molex_KK-254_AE-6410-02A_1x02_P2.54mm_Vertical",242.000000,-79.000000,180.000000,top
"JP2","KBD_TYPE","PinHeader_1x02_P2.54mm_Vertical",134.500000,-109.000000,180.000000,top
"JP3","V9938/V9958","PinHeader_1x03_P2.54mm_Vertical",97.000000,-123.500000,90.000000,top
"JP4","V9938/V9958","PinHeader_1x03_P2.54mm_Vertical",67.125000,-104.900000,90.000000,top
"JP5","NTSC/PAL","PinHeader_1x03_P2.54mm_Vertical",104.000000,-115.000000,90.000000,top
"JP6","NTSC/PAL","PinHeader_1x03_P2.54mm_Vertical",94.000000,-115.000000,90.000000,top
"JP7","RAM_SIZE","PinHeader_2x03_P2.54mm_Vertical",349.000000,-163.000000,90.000000,top
"JP8","RAM_SIZE","PinHeader_2x03_P2.54mm_Vertical",298.500000,-129.725000,90.000000,top
"JP9","SEL_ROM2","Molex_KK-254_AE-6410-02A_1x02_P2.54mm_Vertical",249.500000,-79.000000,180.000000,top
"Q1","PN2907A","TO-92L_Inline_Wide",168.500000,-70.000000,0.000000,top
"Q2","PN2907A","TO-92L_Inline_Wide",68.000000,-99.000000,90.000000,top
"RR1","10K","R_Array_SIP10",107.000000,-143.000000,90.000000,top
"RR2","10K","R_Array_SIP10",97.000000,-151.500000,90.000000,top
"RR3","10K","R_Array_SIP10",97.000000,-178.500000,90.000000,top
"RR4","10K","R_Array_SIP10",269.500000,-97.500000,0.000000,top
"RR5","4.7K","R_Array_SIP10",235.500000,-110.000000,0.000000,top
"RR6","4.7K","R_Array_SIP10",115.500000,-177.500000,0.000000,top
"RR7","4.7K","R_Array_SIP10",233.000000,-78.000000,180.000000,top
"RR8","4.7K","R_Array_SIP6",120.500000,-184.000000,0.000000,top
"RR9","470","R_Array_SIP6",76.500000,-114.500000,0.000000,top
"RR10","4.7K","R_Array_SIP6",364.500000,-186.500000,90.000000,top
"RY1","Relay_5V","Relay_SPDT",195.500000,-54.500000,90.000000,top
"SLOT1","MSX_SLOT_HOST","Conn_Edge_50P",318.770000,-80.010000,180.000000,top
"SLOT2","MSX_SLOT_HOST","Conn_Edge_50P",318.770000,-57.150000,180.000000,top
"SW2","SEL_ROM","Molex_KK-254_AE-6410-03A_1x03_P2.54mm_Vertical",242.000000,-89.500000,0.000000,top
"U1","Z84C00","DIP-40_W15.24mm_Socket",206.000000,-149.000000,180.000000,top
"U2","82C55","DIP-40_W15.24mm_Socket",227.500000,-149.000000,180.000000,top
"U3","V9938/V9958","IC_SDIP64_600",82.000000,-150.000000,90.000000,top
"U4","YM2149","DIP-40_W15.24mm_Socket",129.500000,-144.500000,180.000000,top
"U5","RP5C01","DIP-18_W7.62mm_Socket",244.000000,-184.500000,180.000000,top
"U6","SST39SF040","SST39SF040_PLCC32",309.000000,-127.000000,90.000000,top
"U7","AS6C4008","DIP-32_W15.24mm_Socket",352.500000,-152.000000,180.000000,top
"U8","D41464","DIP-18_W7.62mm_Socket",45.000000,-140.000000,90.000000,top
"U9","D41464","DIP-18_W7.62mm_Socket",45.000000,-165.000000,90.000000,top
"U10","D41464","DIP-18_W7.62mm_Socket",45.000000,-152.500000,90.000000,top
"U11","D41464","DIP-18_W7.62mm_Socket",45.000000,-177.000000,90.000000,top
"U12","ATF16V8B","DIP-20_W7.62mm_Socket",184.000000,-147.500000,180.000000,top
"U13","ATF16V8B","DIP-20_W7.62mm_Socket",181.500000,-185.000000,180.000000,top
"U14","ATF16V8B","DIP-20_W7.62mm_Socket",195.500000,-185.000000,180.000000,top
"U15","74HCT670","DIP-16_W7.62mm_Socket",269.500000,-139.500000,90.000000,top
"U16","74HCT670","DIP-16_W7.62mm_Socket",271.000000,-175.500000,90.000000,top
"U17","74HCT670","DIP-16_W7.62mm_Socket",271.000000,-162.000000,90.000000,top
"U18","74HCT670","DIP-16_W7.62mm_Socket",271.000000,-189.000000,90.000000,top
"U19","74F541","DIP-20_W7.62mm_Socket",300.500000,-105.500000,90.000000,top
"U20","74F541","DIP-20_W7.62mm_Socket",336.000000,-105.500000,90.000000,top
"U21","74F541","DIP-20_W7.62mm_Socket",236.500000,-104.500000,90.000000,top
"U22","74HCT540","DIP-20_W7.62mm_Socket",244.000000,-140.000000,180.000000,top
"U23","74HCT273","DIP-20_W7.62mm_Socket",257.500000,-140.000000,180.000000,top
"U24","74HCT273","DIP-20_W7.62mm_Socket",199.000000,-71.500000,90.000000,top
"U25","74F245","DIP-20_W7.62mm_Socket",269.500000,-110.000000,90.000000,top
"U26","74F245","DIP-20_W7.62mm_Socket",269.500000,-125.000000,90.000000,top
"U27","74HCT175","DIP-16_W7.62mm_Socket",257.000000,-182.000000,180.000000,top
"U28","74HCT157","DIP-16_W7.62mm_Socket",117.000000,-170.000000,180.000000,top
"U29","74HCT157","DIP-16_W7.62mm_Socket",129.500000,-170.000000,180.000000,top
"U30","74HCT153","DIP-16_W7.62mm_Socket",212.000000,-179.000000,180.000000,top
"U31","74HCT153","DIP-16_W7.62mm_Socket",226.000000,-179.000000,180.000000,top
"U32","74AHCT138","DIP-16_W7.62mm_Socket",360.000000,-188.500000,180.000000,top
"U33","74AHCT125","DIP-14_W7.62mm_Socket",235.000000,-71.500000,90.000000,top
"U34","74HCT74","DIP-14_W7.62mm_Socket",171.500000,-115.000000,180.000000,top
"U35","74HCT74","DIP-14_W7.62mm_Socket",159.000000,-115.000000,180.000000,top
"U36","74HCT74","DIP-14_W7.62mm_Socket",146.500000,-115.000000,180.000000,top
"U37","74AHCT32","DIP-14_W7.62mm_Socket",167.000000,-169.000000,180.000000,top
"U38","74AHCT32","DIP-14_W7.62mm_Socket",154.500000,-169.000000,180.000000,top
"U39","74AHCT32","DIP-14_W7.62mm_Socket",159.000000,-140.000000,180.000000,top
"U40","74HCT30","DIP-14_W7.62mm_Socket",171.500000,-140.000000,180.000000,top
"U41","74HCT30","DIP-14_W7.62mm_Socket",305.000000,-151.500000,180.000000,top
"U42","74LS07","DIP-14_W7.62mm_Socket",142.000000,-169.000000,180.000000,top
"U43","74HCT04","DIP-14_W7.62mm_Socket",52.000000,-116.500000,90.000000,top
"U44","74AHCT02","DIP-14_W7.62mm_Socket",146.500000,-140.000000,180.000000,top
"U45","74HCT00","DIP-14_W7.62mm_Socket",184.000000,-115.000000,180.000000,top
"U46","ADM691A","DIP-16_W7.62mm_Socket",305.000000,-178.000000,180.000000,top
"U47","CXA1645","IC_DIP24_400",94.000000,-94.500000,0.000000,top
"U48","MCP6281","DIP-8_W7.62mm_Socket",134.000000,-87.500000,90.000000,top
"U49","LM311","DIP-8_W7.62mm_Socket",173.000000,-83.500000,90.000000,top
"U50","SST39SF040","SST39SF040_PLCC32",309.000000,-155.000000,90.000000,top
"Y1","21.477270MHz","Crystal_HC49-U_Vertical",54.500000,-186.000000,0.000000,top
"Y2","32768 Hz","Crystal_C38-LF_D3.0mm_L8.0mm_Horizontal_1EP_style2",218.725000,-187.375000,-90.000000,top
"Y3","4.433618MHz","Crystal_HC49-U_Vertical",61.925000,-125.350000,180.000000,top
